id,first_name,last_name,email,ip_address,gender
1,Shell,Liddard,sliddard0@bloglines.com,167.141.242.104,Female
2,Coraline,Emberton,cemberton1@mit.edu,178.72.240.117,Female
3,Clive,Dutnall,cdutnall2@sourceforge.net,156.184.71.209,Male
4,Crystie,McQuaker,cmcquaker3@cbslocal.com,1.210.85.123,Female
5,Alan,Feldbaum,afeldbaum4@icq.com,106.108.135.6,Male
6,Sapphira,Coetzee,scoetzee5@furl.net,181.112.154.18,Female
7,Sayers,Selwyne,sselwyne6@storify.com,18.144.116.128,Male
8,Dasya,Attrill,dattrill7@blog.com,46.193.45.75,Female
9,Keelby,Raun,kraun8@psu.edu,66.39.141.11,Male
10,Geno,Perview,gperview9@odnoklassniki.ru,239.137.185.190,Male
